TimeStamp,sleep_stage,sleep_stage_int,confidence,epoch
25.5196,W,0,0.9998706490757832,0
55.5196,W,0,0.9999346777162269,1
85.5196,W,0,0.9999411144838751,2
115.5196,W,0,0.9998287609846841,3
145.5196,W,0,0.9994999050361597,4
175.5196,W,0,0.9995070242124886,5
205.5196,W,0,0.9997021702583458,6
235.5196,W,0,0.9999016628336902,7
265.5196,W,0,0.9993802995650184,8
295.5196,W,0,0.9998322000868526,9
325.5196,W,0,0.9997508425576103,10
355.5196,W,0,0.9995322332933684,11
385.5196,W,0,0.9974219763879871,12
415.5196,W,0,0.9890708486711622,13
445.5196,W,0,0.9873817990206236,14
475.5196,W,0,0.9934419987688394,15
505.5196,W,0,0.9343521479581961,16
535.5196,W,0,0.5341602031757416,17
565.5196,W,0,0.5518591030551,18
595.5196,W,0,0.9203214092022161,19
625.5196,W,0,0.8574301723487052,20
655.5196,W,0,0.9046066351402913,21
685.5196,W,0,0.9617614836610825,22
715.5196,W,0,0.9396484752789879,23
745.5196,W,0,0.9591529605052875,24
775.5196,W,0,0.9887999712813382,25
805.5196,W,0,0.9956690877065707,26
835.5196,W,0,0.9811905383608474,27
865.5196,W,0,0.9904480226345139,28
895.5196,W,0,0.9970640977330584,29
925.5196,W,0,0.9978186756207601,30
955.5196,W,0,0.9974705533504561,31
985.5196,W,0,0.9931708834098378,32
1015.5196,W,0,0.9864173745665644,33
1045.5196,W,0,0.9957992670554175,34
1075.5196,W,0,0.996401632350232,35
1105.5196,W,0,0.9983665052876717,36
1135.5196,W,0,0.9971839597894581,37
1165.5196,W,0,0.9977346826687556,38
1195.5196,W,0,0.9978263852019051,39
1225.5196,W,0,0.9898290774724683,40
1255.5196,W,0,0.9946840976513883,41
1285.5196,W,0,0.9432707249638861,42
1315.5196,W,0,0.9950334693937737,43
1345.5196,W,0,0.8981154490165135,44
1375.5196,W,0,0.8171207741330323,45
1405.5196,W,0,0.6264361977994719,46
1435.5196,W,0,0.60878469414227,47
1465.5196,N1,1,0.5904364218529624,48
1495.5196,N1,1,0.5625202597568465,49
1525.5196,W,0,0.5079885675972405,50
1555.5196,W,0,0.48813082962384446,51
1585.5196,W,0,0.3969318895522201,52
1615.5196,N2,2,0.4575067305168198,53
1645.5196,W,0,0.9411823232196604,54
1675.5196,N2,2,0.580884081661019,55
1705.5196,N2,2,0.7276809598784512,56
1735.5196,N2,2,0.692844863759147,57
1765.5196,N2,2,0.7464615278293906,58
1795.5196,N2,2,0.8280802057166511,59
1825.5196,N2,2,0.8245110822785032,60
1855.5196,N2,2,0.7195680392754688,61
1885.5196,N2,2,0.8071973263555502,62
1915.5196,N2,2,0.6980947963301333,63
1945.5196,N2,2,0.5965745010854273,64
1975.5196,N2,2,0.7349605882274078,65
2005.5196,N3,3,0.4767607613296072,66
2035.5196,N3,3,0.4563334015135447,67
2065.5196,N2,2,0.4918402030571073,68
2095.5196,N2,2,0.4638772163112971,69
2125.5196,N2,2,0.4626028954831652,70
2155.5196,N3,3,0.4166817343185636,71
2185.5196,N2,2,0.4615400796638814,72
2215.5196,N2,2,0.546501932487627,73
2245.5196,N2,2,0.47645005680469166,74
2275.5196,N3,3,0.628028439809714,75
2305.5196,N2,2,0.4288684668132758,76
2335.5196,N2,2,0.4914047721117382,77
2365.5196,N3,3,0.4347247815565923,78
2395.5196,N3,3,0.7047306250316658,79
2425.5196,N2,2,0.3750306458234885,80
2455.5196,N3,3,0.4935416201339277,81
2485.5196,N3,3,0.8192705632952489,82
2515.5196,N3,3,0.5668695318376237,83
2545.5196,N3,3,0.764955387761339,84
2575.5196,N2,2,0.42344690723885087,85
2605.5196,N2,2,0.3676530617986246,86
2635.5196,W,0,0.406568229988889,87
2665.5196,W,0,0.44664896544732796,88
2695.5196,W,0,0.41957520300480533,89
2725.5196,N3,3,0.3428869532940616,90
2755.5196,W,0,0.6435197063186273,91
2785.5196,N3,3,0.4683925887487325,92
2815.5196,N2,2,0.42376169042341466,93
2845.5196,N3,3,0.4124467070564534,94
2875.5196,N3,3,0.4432684691063989,95
2905.5196,N2,2,0.4431651867661593,96
2935.5196,N2,2,0.7781528562204315,97
2965.5196,N2,2,0.680473830964603,98
2995.5196,N2,2,0.7876391727469275,99
3025.5196,N2,2,0.7716725369696817,100
3055.5196,N2,2,0.6868369748544453,101
3085.5196,N2,2,0.506645312715788,102
3115.5196,W,0,0.6887194036319909,103
3145.5196,W,0,0.37357194264924326,104
3175.5196,W,0,0.42662551694638173,105
3205.5196,N2,2,0.4222092884070245,106
3235.5196,N2,2,0.6732912729020198,107
3265.5196,N2,2,0.8060746280932484,108
3295.5196,N2,2,0.9105064101940442,109
3325.5196,N2,2,0.8566981080109246,110
3355.5196,N2,2,0.9092366147086114,111
3385.5196,N2,2,0.8901028032532706,112
3415.5196,N2,2,0.7556185991601693,113
3445.5196,N2,2,0.8738120038964404,114
3475.5196,N2,2,0.6263078023386038,115
3505.5196,N2,2,0.615519390772345,116
3535.5196,N2,2,0.5097888428249084,117
3565.5196,N3,3,0.5028857136719878,118
3595.5196,N3,3,0.5365653932807068,119
3625.5196,N3,3,0.5779368452808151,120
3655.5196,N3,3,0.6747018459855606,121
3685.5196,N3,3,0.6082153761842664,122
3715.5196,N3,3,0.7968792924948962,123
3745.5196,N3,3,0.7531082661584391,124
3775.5196,N3,3,0.8790294496539228,125
3805.5196,N3,3,0.7558140144304144,126
3835.5196,N3,3,0.8718263178720652,127
3865.5196,N3,3,0.8929106567426369,128
3895.5196,N3,3,0.9426283215658039,129
3925.5196,N3,3,0.9431334828851463,130
3955.5196,N3,3,0.9252130689899299,131
3985.5196,N3,3,0.9546865780312529,132
4015.5196,N3,3,0.9657646812208698,133
4045.5196,N3,3,0.9681517265205668,134
4075.5196,N3,3,0.9692925272312531,135
4105.5196,N3,3,0.9808026550386996,136
4135.5196,N3,3,0.9742288814284696,137
4165.5196,N3,3,0.9683586106960494,138
4195.5196,N3,3,0.9708802627680708,139
4225.5196,N3,3,0.9725260685070596,140
4255.5196,N3,3,0.9769349121509195,141
4285.5196,N3,3,0.9709446638384817,142
4315.5196,N3,3,0.9666228310786423,143
4345.5196,N3,3,0.971664270451001,144
4375.5196,N3,3,0.9726104194661876,145
4405.5196,N3,3,0.9892068315366692,146
4435.5196,N3,3,0.9868540930213552,147
4465.5196,N3,3,0.9946905058936946,148
4495.5196,N3,3,0.9874977549712697,149
4525.5196,N3,3,0.9916924011939067,150
4555.5196,N3,3,0.992793039282244,151
4585.5196,N3,3,0.9926376196955898,152
4615.5196,N3,3,0.993650915514254,153
4645.5196,N3,3,0.9856245823223836,154
4675.5196,N3,3,0.9824368524006064,155
4705.5196,N3,3,0.9942148136383335,156
4735.5196,N3,3,0.9646351757085748,157
4765.5196,N3,3,0.9820117335238624,158
4795.5196,N3,3,0.9901818872723503,159
4825.5196,N3,3,0.9850261853372707,160
4855.5196,N3,3,0.9887538550701714,161
4885.5196,N3,3,0.9938153082171166,162
4915.5196,N3,3,0.9915674632825661,163
4945.5196,N3,3,0.9892799031967937,164
4975.5196,N3,3,0.9922473448004397,165
5005.5196,N3,3,0.9918127846453575,166
5035.5196,N3,3,0.9849422307723362,167
5065.5196,N3,3,0.977404829311435,168
5095.5196,N3,3,0.9697617767587074,169
5125.5196,N3,3,0.9078450468470834,170
5155.5196,N3,3,0.9192223094468345,171
5185.5196,W,0,0.6078177790617854,172
5215.5196,N2,2,0.6571811285872184,173
5245.5196,N2,2,0.523298969772005,174
5275.5196,N2,2,0.5557994788732522,175
5305.5196,N2,2,0.5368626409603947,176
5335.5196,N2,2,0.6668232757839656,177
5365.5196,N2,2,0.5922310304566758,178
5395.5196,N2,2,0.6779792894295322,179
5425.5196,N2,2,0.694252195979431,180
5455.5196,N2,2,0.6918499207610683,181
5485.5196,N2,2,0.5798175822818934,182
5515.5196,N2,2,0.591101445937286,183
5545.5196,N2,2,0.5969247740321462,184
5575.5196,N2,2,0.7187222745616578,185
5605.5196,N3,3,0.49047418080476557,186
5635.5196,N2,2,0.5039518625261289,187
5665.5196,N3,3,0.7045793861766907,188
5695.5196,N3,3,0.5623791435658517,189
5725.5196,N3,3,0.5854257453739184,190
5755.5196,N3,3,0.5806555885012993,191
5785.5196,N3,3,0.5554126562310306,192
5815.5196,N3,3,0.7122106798277507,193
5845.5196,N3,3,0.7396556909148024,194
5875.5196,N3,3,0.5036096617588997,195
5905.5196,N3,3,0.5834789567269442,196
5935.5196,N2,2,0.5560050069191279,197
5965.5196,N3,3,0.6291151906131414,198
5995.5196,N3,3,0.5215764300930152,199
6025.5196,N2,2,0.6265077152121108,200
6055.5196,N2,2,0.7021304354753414,201
6085.5196,N2,2,0.7642846179494767,202
6115.5196,N2,2,0.9312071904119062,203
6145.5196,N2,2,0.6282957609063416,204
6175.5196,N2,2,0.628016695968322,205
6205.5196,R,4,0.482602576052347,206
6235.5196,R,4,0.5846271627669665,207
6265.5196,R,4,0.5584317531832376,208
6295.5196,W,0,0.544559463302415,209
6325.5196,R,4,0.6733135615553355,210
6355.5196,R,4,0.6236911836583365,211
6385.5196,R,4,0.6200959450202375,212
6415.5196,W,0,0.6915083038367951,213
6445.5196,W,0,0.6604138720039835,214
6475.5196,W,0,0.6524855101224709,215
6505.5196,W,0,0.7957736865869895,216
6535.5196,R,4,0.7394933872044895,217
6565.5196,R,4,0.6860095219585584,218
6595.5196,R,4,0.6167083941426127,219
6625.5196,R,4,0.706838777561435,220
6655.5196,R,4,0.47012471377538273,221
6685.5196,W,0,0.39903761816075056,222
6715.5196,W,0,0.7163299918718603,223
6745.5196,W,0,0.8194619571766719,224
6775.5196,W,0,0.8395504599515203,225
6805.5196,W,0,0.5266872280111754,226
6835.5196,W,0,0.47446710749031545,227
6865.5196,R,4,0.4269164748331307,228
6895.5196,W,0,0.38541953716574934,229
6925.5196,R,4,0.6674990999389184,230
6955.5196,R,4,0.5471676119223359,231
6985.5196,R,4,0.6012027544134148,232
7015.5196,R,4,0.6004128535398229,233
7045.5196,R,4,0.6605621642648621,234
7075.5196,R,4,0.4579257532954851,235
7105.5196,R,4,0.5163601062081874,236
7135.5196,R,4,0.563057633552107,237
7165.5196,R,4,0.6669271106323824,238
7195.5196,W,0,0.966083507625737,239
7225.5196,R,4,0.35128413524149443,240
7255.5196,W,0,0.666595521140158,241
7285.5196,W,0,0.34859166121237395,242
7315.5196,N1,1,0.46237697256478827,243
7345.5196,N1,1,0.6865455069136251,244
7375.5196,N2,2,0.6511803414407682,245
7405.5196,N2,2,0.9083150608960259,246
7435.5196,N2,2,0.8892810090725372,247
7465.5196,N2,2,0.9648349931827963,248
7495.5196,N2,2,0.9618414932974843,249
7525.5196,N2,2,0.9215491942501878,250
7555.5196,N2,2,0.9639945855558294,251
7585.5196,N2,2,0.9540093486715082,252
7615.5196,N2,2,0.9628993320711465,253
7645.5196,N2,2,0.9296188356828563,254
7675.5196,N2,2,0.9667842253394859,255
7705.5196,N2,2,0.9081603062822079,256
7735.5196,N2,2,0.9336203788586601,257
7765.5196,N2,2,0.8418314072375874,258
7795.5196,N2,2,0.9132227162805505,259
7825.5196,N2,2,0.8615688578177315,260
7855.5196,N2,2,0.7754847674447974,261
7885.5196,N2,2,0.8190464216233263,262
7915.5196,N2,2,0.8248227044675684,263
7945.5196,N2,2,0.5765996515956275,264
7975.5196,N3,3,0.5488140288598128,265
8005.5196,N2,2,0.7833986977963446,266
8035.5196,N2,2,0.53254493499707,267
8065.5196,N3,3,0.6525093756430337,268
8095.5196,N2,2,0.5357998869744566,269
8125.5196,N3,3,0.7387569018390417,270
8155.5196,N3,3,0.7164037588848255,271
8185.5196,N3,3,0.7969085160587354,272
8215.5196,N3,3,0.6272783824554038,273
8245.5196,N3,3,0.6397820916024614,274
8275.5196,N3,3,0.6681664470323238,275
8305.5196,N3,3,0.747408877264066,276
8335.5196,N3,3,0.8270542131916229,277
8365.5196,N3,3,0.751239972080854,278
8395.5196,N3,3,0.8357243730776842,279
8425.5196,N3,3,0.8383840219763927,280
8455.5196,N3,3,0.8081396758405761,281
8485.5196,N3,3,0.8856790400904804,282
8515.5196,N3,3,0.9011314400905638,283
8545.5196,N3,3,0.9348476297639801,284
8575.5196,N3,3,0.9135369954053857,285
8605.5196,N3,3,0.9253303117322224,286
8635.5196,N3,3,0.9555641537417566,287
8665.5196,N3,3,0.9377048211290254,288
8695.5196,N3,3,0.9743627552792957,289
8725.5196,N3,3,0.9263938379296374,290
8755.5196,N3,3,0.9218954306298658,291
8785.5196,N3,3,0.897583002737647,292
8815.5196,N3,3,0.8364893158524064,293
8845.5196,N3,3,0.891029229673156,294
8875.5196,N3,3,0.8828922666039587,295
8905.5196,N3,3,0.8411378438398814,296
8935.5196,N3,3,0.8741546437999823,297
8965.5196,N3,3,0.881603737665854,298
8995.5196,N3,3,0.9083024742078356,299
9025.5196,N3,3,0.9277205230087484,300
9055.5196,N3,3,0.9344100408996697,301
9085.5196,N3,3,0.9377952217312963,302
9115.5196,N3,3,0.9369450267439017,303
9145.5196,N3,3,0.9444272871955242,304
9175.5196,N3,3,0.9732571008981113,305
9205.5196,N3,3,0.9561886936827408,306
9235.5196,N3,3,0.9548311963422552,307
9265.5196,N3,3,0.9707890467824816,308
9295.5196,N3,3,0.9723255389205707,309
9325.5196,N3,3,0.9899365034497479,310
9355.5196,N3,3,0.9820019901112542,311
9385.5196,N3,3,0.9764281070731756,312
9415.5196,N3,3,0.9845307218014131,313
9445.5196,N3,3,0.9813488792235274,314
9475.5196,N3,3,0.9793770291889048,315
9505.5196,N3,3,0.9826181604607613,316
9535.5196,N3,3,0.9783132827108856,317
9565.5196,N3,3,0.9465829907473101,318
9595.5196,N3,3,0.9641235657501408,319
9625.5196,N3,3,0.9534449791843018,320
9655.5196,N3,3,0.9240775290591241,321
9685.5196,N3,3,0.9676028640825876,322
9715.5196,N3,3,0.9636403644610226,323
9745.5196,N3,3,0.9414652266849679,324
9775.5196,N3,3,0.9251804131153357,325
9805.5196,N3,3,0.9506448079486035,326
9835.5196,N3,3,0.9790279470121012,327
9865.5196,N3,3,0.9760941286521096,328
9895.5196,N3,3,0.9687877654545966,329
9925.5196,N3,3,0.980385810112325,330
9955.5196,N3,3,0.9352808090954057,331
9985.5196,N3,3,0.9740387476380123,332
10015.5196,W,0,0.6225803084802846,333
10045.5196,W,0,0.9825732197960712,334
10075.5196,W,0,0.9806622837637785,335
10105.5196,W,0,0.9773478874349125,336
10135.5196,W,0,0.7443876463089276,337
10165.5196,N2,2,0.4481612755273897,338
10195.5196,N2,2,0.6781149446779335,339
10225.5196,N2,2,0.7462623392953248,340
10255.5196,N2,2,0.5862251637136523,341
10285.5196,N2,2,0.761360237540676,342
10315.5196,N2,2,0.7812799759247395,343
10345.5196,N3,3,0.5315507086454749,344
10375.5196,N3,3,0.5450822147016917,345
10405.5196,N3,3,0.7084609360864413,346
10435.5196,N3,3,0.6529337661246322,347
10465.5196,N3,3,0.6879264068407411,348
10495.5196,N3,3,0.803797059179834,349
10525.5196,N3,3,0.9031521587254983,350
10555.5196,N3,3,0.9484824513389764,351
10585.5196,N3,3,0.9082016343454996,352
10615.5196,N3,3,0.9544099003263907,353
10645.5196,N3,3,0.8687774890318044,354
10675.5196,N3,3,0.9501114295525699,355
10705.5196,N3,3,0.918671867670463,356
10735.5196,N3,3,0.4447596482735713,357
10765.5196,W,0,0.4523253252654165,358
10795.5196,N2,2,0.4371201362537809,359
10825.5196,W,0,0.6176044687587942,360
10855.5196,N2,2,0.44923224178658294,361
10885.5196,W,0,0.4338057909328534,362
10915.5196,W,0,0.7618310248369826,363
10945.5196,W,0,0.6721142327861352,364
10975.5196,W,0,0.9027511613522766,365
11005.5196,W,0,0.9105234285871238,366
11035.5196,N2,2,0.5091279658417067,367
11065.5196,W,0,0.49592752486084,368
11095.5196,W,0,0.4588713127278517,369
11125.5196,W,0,0.4428717682828628,370
11155.5196,N2,2,0.49074621116717465,371
11185.5196,W,0,0.44981075203827525,372
11215.5196,N2,2,0.5511743313810822,373
11245.5196,N2,2,0.48071600926312014,374
11275.5196,N2,2,0.6075005860049401,375
11305.5196,N2,2,0.4939707268631571,376
11335.5196,N2,2,0.44839589252387313,377
11365.5196,N2,2,0.49883383942728443,378
11395.5196,N2,2,0.5723330656409802,379
11425.5196,N2,2,0.7008064762589983,380
11455.5196,N2,2,0.6706973576422128,381
11485.5196,N2,2,0.8374571065186911,382
11515.5196,N2,2,0.7670436160469585,383
11545.5196,N2,2,0.6549290735703861,384
11575.5196,N2,2,0.7213054739433739,385
11605.5196,N2,2,0.5735300036578918,386
11635.5196,N2,2,0.7079544988808371,387
11665.5196,N2,2,0.6416155279509267,388
11695.5196,N2,2,0.6872692285702062,389
11725.5196,W,0,0.4756903901596585,390
11755.5196,N2,2,0.5468812697160647,391
11785.5196,N2,2,0.5551097419981708,392
11815.5196,N2,2,0.5800520181681844,393
11845.5196,N2,2,0.493397223712743,394
11875.5196,W,0,0.5756397385918824,395
11905.5196,W,0,0.5272562500744375,396
11935.5196,N3,3,0.40134138454647733,397
11965.5196,N2,2,0.4102039487465638,398
11995.5196,W,0,0.6144997147918588,399
12025.5196,N3,3,0.3936465593513604,400
12055.5196,W,0,0.3762972559265344,401
12085.5196,N2,2,0.640722220025538,402
12115.5196,N3,3,0.5596411494868554,403
12145.5196,N3,3,0.7062822916951678,404
12175.5196,N3,3,0.828380071690066,405
12205.5196,N3,3,0.7411670245637798,406
12235.5196,N3,3,0.7765951304766456,407
12265.5196,N3,3,0.6781753650346235,408
12295.5196,N3,3,0.8064796156965389,409
12325.5196,N3,3,0.8499876523307249,410
12355.5196,N3,3,0.7576035743172119,411
12385.5196,N3,3,0.8543754082914778,412
12415.5196,N3,3,0.8797588029561102,413
12445.5196,N3,3,0.80563845372697,414
12475.5196,N3,3,0.6583694869814155,415
12505.5196,N3,3,0.8090588705328494,416
12535.5196,N3,3,0.7395389422207005,417
12565.5196,N3,3,0.7158020053355822,418
12595.5196,N3,3,0.8424753923543706,419
12625.5196,N3,3,0.8752958478071924,420
12655.5196,N3,3,0.7391255054284726,421
12685.5196,N3,3,0.7304685438828001,422
12715.5196,N3,3,0.7501269299462289,423
12745.5196,N3,3,0.8128182597710804,424
12775.5196,N3,3,0.5882241725291381,425
12805.5196,N3,3,0.7542755459597169,426
12835.5196,N3,3,0.8296491798473538,427
12865.5196,N3,3,0.9278280768716027,428
12895.5196,N3,3,0.8311305750547318,429
12925.5196,N3,3,0.8925574975093309,430
12955.5196,N3,3,0.9072649182117046,431
12985.5196,N3,3,0.839734716486906,432
13015.5196,N3,3,0.8179505434900037,433
13045.5196,N3,3,0.9228913662188993,434
13075.5196,N3,3,0.9206424730248932,435
13105.5196,N3,3,0.9333665021726768,436
13135.5196,N3,3,0.8478641155703959,437
13165.5196,N3,3,0.8550209413295502,438
13195.5196,N3,3,0.5889674150461257,439
13225.5196,N3,3,0.7665856873677559,440
13255.5196,N3,3,0.8010467545546959,441
13285.5196,N3,3,0.7765774997368112,442
13315.5196,N3,3,0.8742666434389116,443
13345.5196,N3,3,0.8726763168212698,444
13375.5196,W,0,0.8525819772339333,445
13405.5196,W,0,0.7194730007154307,446
13435.5196,W,0,0.8493885060189372,447
13465.5196,W,0,0.791254676138807,448
13495.5196,W,0,0.6338282582945864,449
13525.5196,W,0,0.4132041490046988,450
13555.5196,W,0,0.9427134135261428,451
13585.5196,W,0,0.4823355740332924,452
13615.5196,N2,2,0.3533626209809569,453
13645.5196,N2,2,0.28705383316672983,454
13675.5196,N2,2,0.4336422646826816,455
13705.5196,N2,2,0.7640762615595131,456
13735.5196,N2,2,0.6129596451913423,457
13765.5196,N2,2,0.7622014661752802,458
13795.5196,N2,2,0.9172394659841208,459
13825.5196,N2,2,0.9345095181573795,460
13855.5196,N2,2,0.9244136553336174,461
13885.5196,N2,2,0.8780224500301544,462
13915.5196,N2,2,0.8892793908335508,463
13945.5196,N2,2,0.8653588549685671,464
13975.5196,N2,2,0.8578263199315292,465
14005.5196,N2,2,0.8990120718114,466
14035.5196,N2,2,0.8248233771094151,467
14065.5196,N2,2,0.8183679424260387,468
14095.5196,N2,2,0.8480246648945396,469
14125.5196,N2,2,0.6241586566219307,470
14155.5196,N2,2,0.6252797291598365,471
14185.5196,N3,3,0.5234986558538457,472
14215.5196,N3,3,0.7095344203172759,473
14245.5196,N3,3,0.694014825510194,474
14275.5196,N3,3,0.8345346846743525,475
14305.5196,N3,3,0.882208899758383,476
14335.5196,N3,3,0.8131508508311271,477
14365.5196,N3,3,0.8780560721325383,478
14395.5196,N3,3,0.8475655380033886,479
14425.5196,N3,3,0.901463853373504,480
14455.5196,N3,3,0.9403163221906595,481
14485.5196,N3,3,0.8548761954343478,482
14515.5196,N3,3,0.9246403323701559,483
14545.5196,N3,3,0.9011740530493553,484
14575.5196,N3,3,0.9447801035874938,485
14605.5196,N3,3,0.8735778144520313,486
14635.5196,N3,3,0.8763685255796797,487
14665.5196,N3,3,0.8591057445387962,488
14695.5196,N3,3,0.8786941929035204,489
14725.5196,N3,3,0.8585630051267441,490
14755.5196,N3,3,0.8252762515854858,491
14785.5196,N3,3,0.8965244789950079,492
14815.5196,N3,3,0.8973856994353913,493
14845.5196,N3,3,0.8605395580512816,494
14875.5196,N3,3,0.8886385791191402,495
14905.5196,N3,3,0.9085676672707713,496
14935.5196,N3,3,0.9068792195677089,497
14965.5196,N3,3,0.8964527130524452,498
14995.5196,N3,3,0.9119176110354518,499
15025.5196,N3,3,0.904769840181392,500
15055.5196,N3,3,0.8784845473169707,501
15085.5196,N3,3,0.8818404148595563,502
15115.5196,N3,3,0.93409820876063,503
15145.5196,N2,2,0.5141117718628396,504
15175.5196,N2,2,0.5378535211725828,505
15205.5196,N2,2,0.6548234773735991,506
15235.5196,N2,2,0.7555786720679047,507
15265.5196,N2,2,0.8196048963666503,508
15295.5196,N2,2,0.47694215139001117,509
15325.5196,N2,2,0.7115093744786961,510
15355.5196,N2,2,0.7108132673458533,511
15385.5196,N2,2,0.7947498489674829,512
15415.5196,N2,2,0.7907970619391878,513
15445.5196,N2,2,0.5139516720304118,514
15475.5196,N2,2,0.49830045616446994,515
15505.5196,R,4,0.7153812410861697,516
15535.5196,R,4,0.7790756488775292,517
15565.5196,R,4,0.8066955772125034,518
15595.5196,R,4,0.8203873441460227,519
15625.5196,R,4,0.8899829785779657,520
15655.5196,R,4,0.8313326787794806,521
15685.5196,R,4,0.6956067478862322,522
15715.5196,R,4,0.6675126309756674,523
15745.5196,R,4,0.7978350391984679,524
15775.5196,R,4,0.7653751483237443,525
15805.5196,R,4,0.8543226392190336,526
15835.5196,R,4,0.8296911730361064,527
15865.5196,R,4,0.7443471849659188,528
15895.5196,R,4,0.7193301934710317,529
15925.5196,R,4,0.7001527789820309,530
15955.5196,R,4,0.8240142220863886,531
15985.5196,R,4,0.8155069311117159,532
16015.5196,W,0,0.9932859319531954,533
16045.5196,W,0,0.902544382923747,534
16075.5196,N1,1,0.4975079229270402,535
16105.5196,W,0,0.6702440232792498,536
16135.5196,R,4,0.4051355222257653,537
16165.5196,R,4,0.5266217874301273,538
16195.5196,R,4,0.6066191356103102,539
16225.5196,R,4,0.7139003834767674,540
16255.5196,R,4,0.8779996250652194,541
16285.5196,R,4,0.8987203302415022,542
16315.5196,R,4,0.9152434505111235,543
16345.5196,R,4,0.9614953845180526,544
16375.5196,R,4,0.8768582896067162,545
16405.5196,R,4,0.8930047322337978,546
16435.5196,R,4,0.9349379726499065,547
16465.5196,R,4,0.9229450434190027,548
16495.5196,R,4,0.8736567557914533,549
16525.5196,R,4,0.9466990547363363,550
16555.5196,R,4,0.8830278386684132,551
16585.5196,R,4,0.9593959024451955,552
16615.5196,R,4,0.8509095682107325,553
16645.5196,R,4,0.8587363636100642,554
16675.5196,R,4,0.9028209458478762,555
16705.5196,R,4,0.9019905644393568,556
16735.5196,R,4,0.9507881904361988,557
16765.5196,R,4,0.9515726289848188,558
16795.5196,R,4,0.8654448373625161,559
16825.5196,R,4,0.8014630755914739,560
16855.5196,R,4,0.8537817407463336,561
16885.5196,R,4,0.9085671030796523,562
16915.5196,R,4,0.9444897377032296,563
16945.5196,R,4,0.9769954595184381,564
16975.5196,R,4,0.9729395642486073,565
17005.5196,R,4,0.9780780407224161,566
17035.5196,R,4,0.9746415168734269,567
17065.5196,R,4,0.9657146433401861,568
17095.5196,R,4,0.9393324868690497,569
17125.5196,R,4,0.9718070715800037,570
17155.5196,R,4,0.9668348732054293,571
17185.5196,R,4,0.9211854881550291,572
17215.5196,R,4,0.885188110003257,573
17245.5196,R,4,0.9076565949107219,574
17275.5196,R,4,0.9458711951530665,575
17305.5196,R,4,0.9777592502651914,576
17335.5196,R,4,0.965297741266545,577
17365.5196,R,4,0.9708362345547157,578
17395.5196,R,4,0.948537258942446,579
17425.5196,R,4,0.9643346583849336,580
17455.5196,R,4,0.9609589769908291,581
17485.5196,R,4,0.983027422412679,582
17515.5196,R,4,0.9839460322178493,583
17545.5196,R,4,0.9745855028816806,584
17575.5196,R,4,0.9114127488551078,585
17605.5196,R,4,0.9857936934098873,586
17635.5196,R,4,0.9779193305293191,587
17665.5196,R,4,0.9716868180284877,588
17695.5196,R,4,0.9182161658958735,589
17725.5196,R,4,0.9395179000506027,590
17755.5196,R,4,0.9769582539812554,591
17785.5196,R,4,0.967509905295595,592
17815.5196,R,4,0.9799682956358093,593
17845.5196,R,4,0.9704270233649914,594
17875.5196,R,4,0.9713072831110265,595
17905.5196,R,4,0.9796737071382016,596
17935.5196,R,4,0.960260189709065,597
17965.5196,R,4,0.9215605191834979,598
17995.5196,R,4,0.7128484407219972,599
18025.5196,R,4,0.7417617609863216,600
18055.5196,R,4,0.47354353653117304,601
18085.5196,R,4,0.7291033813477212,602
18115.5196,R,4,0.6484268627858855,603
18145.5196,R,4,0.40378857885093405,604
18175.5196,R,4,0.7675984554143631,605
18205.5196,W,0,0.7950832532738201,606
18235.5196,R,4,0.47700993365693634,607
18265.5196,R,4,0.49711803458925374,608
18295.5196,R,4,0.6681734028079501,609
18325.5196,R,4,0.9140625218904165,610
18355.5196,R,4,0.9219485814280054,611
18385.5196,R,4,0.9417323182677273,612
18415.5196,R,4,0.8998748182246235,613
18445.5196,R,4,0.8271282866195041,614
18475.5196,R,4,0.8443144124462748,615
18505.5196,R,4,0.8279307506202207,616
18535.5196,R,4,0.7941367918490084,617
18565.5196,R,4,0.8290970869100642,618
18595.5196,R,4,0.5125192965638417,619
18625.5196,R,4,0.533517431744646,620
18655.5196,R,4,0.8642206736549943,621
18685.5196,R,4,0.789637594095079,622
18715.5196,R,4,0.8318588399361114,623
18745.5196,R,4,0.9043117453609071,624
18775.5196,R,4,0.8763865279439442,625
18805.5196,R,4,0.8904302436663764,626
18835.5196,R,4,0.9337071840493312,627
18865.5196,R,4,0.895595381935275,628
18895.5196,R,4,0.9376334303040772,629
18925.5196,R,4,0.9422568307908321,630
18955.5196,R,4,0.9359119008431901,631
18985.5196,R,4,0.9264381185705626,632
19015.5196,R,4,0.920769256893449,633
19045.5196,R,4,0.9383575174063167,634
19075.5196,R,4,0.9590186422830027,635
19105.5196,R,4,0.9373834681459982,636
19135.5196,R,4,0.9293145618013864,637
19165.5196,R,4,0.9275125677730438,638
19195.5196,R,4,0.940713825444278,639
19225.5196,R,4,0.9562337003065755,640
19255.5196,R,4,0.9532444720285629,641
19285.5196,R,4,0.8938772525868276,642
19315.5196,W,0,0.49622516036123165,643
19345.5196,R,4,0.5802986011549319,644
19375.5196,R,4,0.5351808853501696,645
19405.5196,N1,1,0.5617182817373689,646
19435.5196,N2,2,0.577824088418223,647
19465.5196,R,4,0.46500037003409833,648
19495.5196,N2,2,0.5429834288719099,649
19525.5196,R,4,0.478588993289292,650
19555.5196,N2,2,0.5653871877834722,651
19585.5196,N2,2,0.6111867082412108,652
19615.5196,N2,2,0.5785142693435509,653
19645.5196,N2,2,0.7087626756669975,654
19675.5196,N2,2,0.5073161159159817,655
19705.5196,N2,2,0.7039932566925119,656
19735.5196,W,0,0.7943125794019051,657
19765.5196,N2,2,0.37008397407317817,658
19795.5196,W,0,0.5540259425910158,659
19825.5196,W,0,0.47269777068785823,660
19855.5196,W,0,0.5291178089873564,661
19885.5196,N2,2,0.4830162181907765,662
19915.5196,N2,2,0.4956569958345821,663
19945.5196,N2,2,0.8184787288941208,664
19975.5196,N2,2,0.8628488780996756,665
20005.5196,N2,2,0.8045860898849737,666
20035.5196,N2,2,0.6287110201359972,667
20065.5196,W,0,0.4569949577818166,668
20095.5196,N2,2,0.5563861631505446,669
20125.5196,N2,2,0.5445528412580437,670
20155.5196,N2,2,0.5913348822378613,671
20185.5196,N2,2,0.6864682929536916,672
20215.5196,N2,2,0.7623971969271301,673
20245.5196,N2,2,0.86497417986572,674
20275.5196,N2,2,0.805752328322607,675
20305.5196,N2,2,0.6029111303528207,676
20335.5196,N2,2,0.8738325951769903,677
20365.5196,N2,2,0.8587274853245488,678
20395.5196,N2,2,0.8894145227253485,679
20425.5196,N2,2,0.8075217740211029,680
20455.5196,N2,2,0.8654054514184871,681
20485.5196,N2,2,0.7890971981551034,682
20515.5196,N2,2,0.8245931165771321,683
20545.5196,N2,2,0.9090247083945181,684
20575.5196,N2,2,0.8755449910104177,685
20605.5196,N2,2,0.8208988558498587,686
20635.5196,N2,2,0.8825398640399958,687
20665.5196,N2,2,0.8470439048110263,688
20695.5196,N2,2,0.7477177629970696,689
20725.5196,N2,2,0.8159752163247809,690
20755.5196,N2,2,0.8466958046314309,691
20785.5196,N2,2,0.7184281691152568,692
20815.5196,N2,2,0.7349273758088324,693
20845.5196,N2,2,0.6980827992904338,694
20875.5196,N2,2,0.5016984342353165,695
20905.5196,N3,3,0.6745724663703802,696
20935.5196,N3,3,0.6551908752271609,697
20965.5196,N3,3,0.6702242575188475,698
20995.5196,N3,3,0.7612455612147483,699
21025.5196,N3,3,0.7318804539447017,700
21055.5196,N3,3,0.7740434217153903,701
21085.5196,N3,3,0.8689641646239411,702
21115.5196,N3,3,0.8409581328734366,703
21145.5196,N3,3,0.7228272833217085,704
21175.5196,N3,3,0.8081186009097727,705
21205.5196,N3,3,0.9080521997276696,706
21235.5196,N3,3,0.9165154068418745,707
21265.5196,N3,3,0.9019895638134995,708
21295.5196,N3,3,0.8641574776724699,709
21325.5196,N3,3,0.894667881291539,710
21355.5196,N3,3,0.8982446564308036,711
21385.5196,N3,3,0.9132648784420754,712
21415.5196,N3,3,0.8956315754315775,713
21445.5196,N3,3,0.8983252075040674,714
21475.5196,N3,3,0.7794524990043439,715
21505.5196,N3,3,0.9105054630402978,716
21535.5196,N3,3,0.888789464758953,717
21565.5196,N3,3,0.874760997893176,718
21595.5196,N3,3,0.915175975539349,719
21625.5196,W,0,0.8218561373427845,720
21655.5196,N2,2,0.4335271844783127,721
21685.5196,N3,3,0.7602193021175092,722
21715.5196,N3,3,0.8303665770123136,723
21745.5196,N3,3,0.7218351884830738,724
21775.5196,N3,3,0.8303391982914226,725
21805.5196,N3,3,0.7795305894145269,726
21835.5196,N3,3,0.8601228058761989,727
21865.5196,N3,3,0.7118215399741864,728
21895.5196,N3,3,0.9073992271303385,729
21925.5196,N3,3,0.8971817115738714,730
21955.5196,N3,3,0.8032872013609228,731
21985.5196,N3,3,0.6348606191300135,732
22015.5196,N3,3,0.7373137607963162,733
22045.5196,N3,3,0.7914740823996658,734
22075.5196,N3,3,0.7246771639188248,735
22105.5196,N3,3,0.68810046659804,736
22135.5196,N3,3,0.6646936461814366,737
22165.5196,N3,3,0.5905323769880132,738
22195.5196,N3,3,0.6777722805200639,739
22225.5196,R,4,0.452740785091581,740
22255.5196,R,4,0.5481006670972259,741
22285.5196,R,4,0.37771150429541966,742
22315.5196,R,4,0.5533381535571378,743
22345.5196,N3,3,0.46665220434328347,744
22375.5196,N3,3,0.4838878951697027,745
22405.5196,R,4,0.5204889462378292,746
22435.5196,W,0,0.3535696858075116,747
22465.5196,R,4,0.31377278420777877,748
22495.5196,N2,2,0.2815714682714715,749
22525.5196,W,0,0.3525332944267024,750
22555.5196,N3,3,0.817926632998911,751
22585.5196,N3,3,0.9079943979771052,752
22615.5196,N3,3,0.895675891485042,753
22645.5196,N3,3,0.9153836035178362,754
22675.5196,N3,3,0.8895880910265755,755
22705.5196,N3,3,0.9352638772038285,756
22735.5196,N3,3,0.9634468768828169,757
22765.5196,N3,3,0.9718450956022621,758
22795.5196,N3,3,0.9576512367710297,759
22825.5196,N3,3,0.9404460870981151,760
22855.5196,N3,3,0.9151679664444555,761
22885.5196,N3,3,0.9509611454405409,762
22915.5196,N3,3,0.9111009813238977,763
22945.5196,N3,3,0.8692958883294368,764
22975.5196,W,0,0.9338202393794586,765
23005.5196,N2,2,0.4950526625409216,766
23035.5196,N2,2,0.7912798679197598,767
23065.5196,N3,3,0.6442567310610614,768
23095.5196,N3,3,0.5068349408337954,769
23125.5196,N3,3,0.5002285475978866,770
23155.5196,N2,2,0.5879485431359053,771
23185.5196,N2,2,0.5766912175155843,772
23215.5196,N2,2,0.5568259776171285,773
23245.5196,N3,3,0.6312729376371297,774
23275.5196,N3,3,0.7355356023207203,775
23305.5196,N3,3,0.6373981839306025,776
23335.5196,N3,3,0.8434804996843065,777
23365.5196,N3,3,0.7979870801228279,778
23395.5196,N3,3,0.7966599045969248,779
23425.5196,N3,3,0.8669812791323663,780
23455.5196,N3,3,0.8045436646346137,781
23485.5196,N3,3,0.8699453084091333,782
23515.5196,N3,3,0.7981668099464092,783
23545.5196,N3,3,0.8339797399996174,784
23575.5196,N3,3,0.8032323075824813,785
23605.5196,N3,3,0.6458632015432932,786
23635.5196,N3,3,0.5774676219779215,787
23665.5196,N3,3,0.6299900251382835,788
23695.5196,N2,2,0.5231371233889865,789
23725.5196,N2,2,0.5465655713428411,790
23755.5196,N2,2,0.6921342684549908,791
23785.5196,N2,2,0.8946277562811992,792
23815.5196,N2,2,0.8483412103232517,793
23845.5196,N2,2,0.9144667188616356,794
23875.5196,N2,2,0.9311317559675413,795
23905.5196,N2,2,0.845148821852096,796
23935.5196,W,0,0.5394963956054125,797
23965.5196,W,0,0.7809350426308211,798
23995.5196,N1,1,0.4077704525523483,799
24025.5196,N1,1,0.7546216475521381,800
24055.5196,N2,2,0.834096147507869,801
24085.5196,N2,2,0.9320180326367477,802
24115.5196,N2,2,0.8100750954444967,803
24145.5196,N2,2,0.9581054951837131,804
24175.5196,N2,2,0.863510481865768,805
24205.5196,N2,2,0.9591205765957894,806
24235.5196,N2,2,0.9334261139955284,807
24265.5196,N2,2,0.9603173115796966,808
24295.5196,N2,2,0.945809832713019,809
24325.5196,N2,2,0.9151731769988496,810
24355.5196,N2,2,0.7272904586134754,811
24385.5196,N2,2,0.8539530102476057,812
24415.5196,N2,2,0.8540881815984559,813
24445.5196,N2,2,0.8220883444647277,814
24475.5196,N2,2,0.8925559173370553,815
24505.5196,N2,2,0.49684660537427183,816
24535.5196,R,4,0.574191657194542,817
24565.5196,R,4,0.5185239580252162,818
24595.5196,R,4,0.5028493624689047,819
24625.5196,R,4,0.4399089587943518,820
24655.5196,R,4,0.6508872596876636,821
24685.5196,R,4,0.6046108361397173,822
24715.5196,R,4,0.7294310968871173,823
24745.5196,R,4,0.8674451393342927,824
24775.5196,R,4,0.9142074973578682,825
24805.5196,R,4,0.9211987339155154,826
24835.5196,R,4,0.9706360335289653,827
24865.5196,R,4,0.972534908023295,828
24895.5196,R,4,0.9661489836359127,829
24925.5196,R,4,0.9120595503301662,830
24955.5196,R,4,0.9377822001230227,831
24985.5196,R,4,0.9340448957322683,832
25015.5196,R,4,0.9466347534518494,833
25045.5196,R,4,0.9468694665111228,834
25075.5196,R,4,0.9558800890518505,835
25105.5196,R,4,0.934362547700762,836
25135.5196,R,4,0.903061608906466,837
25165.5196,R,4,0.6987181816376703,838
25195.5196,R,4,0.7643925958614514,839
25225.5196,R,4,0.8106785789759791,840
25255.5196,R,4,0.7891571974482298,841
25285.5196,R,4,0.8578658237991432,842
25315.5196,R,4,0.7501800694720961,843
25345.5196,R,4,0.8912817170039504,844
25375.5196,W,0,0.46715556558701415,845
25405.5196,W,0,0.8830597678148597,846
25435.5196,N1,1,0.3562024135244023,847
25465.5196,R,4,0.32479864812165304,848
25495.5196,N2,2,0.3434236153386056,849
25525.5196,R,4,0.7759138547853305,850
25555.5196,R,4,0.8334765743870598,851
25585.5196,R,4,0.8606790004982263,852
25615.5196,R,4,0.9047162641412348,853
25645.5196,R,4,0.9023167057689199,854
25675.5196,R,4,0.9072923881303099,855
25705.5196,R,4,0.9223218469722936,856
25735.5196,R,4,0.9308148646686342,857
25765.5196,R,4,0.8976467491245681,858
25795.5196,R,4,0.9367434163807835,859
25825.5196,R,4,0.9195760056018613,860
25855.5196,R,4,0.9006292017483849,861
25885.5196,R,4,0.8931293998107306,862
25915.5196,R,4,0.9066811590911049,863
25945.5196,W,0,0.4618291577525733,864
25975.5196,R,4,0.852296900460307,865
26005.5196,R,4,0.7936906918376166,866
26035.5196,R,4,0.7959065210302074,867
26065.5196,R,4,0.7573311960595729,868
26095.5196,R,4,0.7157952586218662,869
26125.5196,R,4,0.7434351698402906,870
26155.5196,N2,2,0.47505667641096144,871
26185.5196,N2,2,0.6369305510080356,872
26215.5196,R,4,0.5628308115783371,873
26245.5196,N2,2,0.6671298411707002,874
26275.5196,N2,2,0.7169845132124538,875
26305.5196,N2,2,0.6795521121195344,876
26335.5196,N2,2,0.7496678974716038,877
26365.5196,N2,2,0.5617884241682914,878
26395.5196,N2,2,0.8132861140522872,879
26425.5196,N2,2,0.5581269815279714,880
26455.5196,N2,2,0.41731713033281304,881
26485.5196,N2,2,0.8415642996158522,882
26515.5196,N2,2,0.46538714405267134,883
26545.5196,N2,2,0.8538734105485875,884
26575.5196,N2,2,0.849288938146019,885
26605.5196,N2,2,0.5979791490820132,886
26635.5196,N2,2,0.6201023695365855,887
26665.5196,N2,2,0.3332678613258283,888
26695.5196,N2,2,0.6884817515930964,889
26725.5196,N2,2,0.47846628477577435,890
26755.5196,N2,2,0.7272053289074076,891
26785.5196,N2,2,0.8117887880839932,892
26815.5196,N2,2,0.7365803589577307,893
26845.5196,N2,2,0.829027530632534,894
26875.5196,N1,1,0.5190756581930773,895
26905.5196,N2,2,0.8194200732607879,896
26935.5196,N2,2,0.681318588008717,897
26965.5196,N2,2,0.6314609052581386,898
26995.5196,N2,2,0.7734152547924744,899
27025.5196,N2,2,0.8795418302335594,900
27055.5196,N2,2,0.8823319213822735,901
27085.5196,N2,2,0.9280670283742652,902
27115.5196,N2,2,0.8885245014311588,903
27145.5196,N2,2,0.9030464521186957,904
27175.5196,N2,2,0.9134930880449339,905
27205.5196,N2,2,0.9162330661282181,906
27235.5196,N2,2,0.8554174296674042,907
27265.5196,N2,2,0.8970900408998653,908
27295.5196,N2,2,0.8541313481151305,909
27325.5196,N2,2,0.8826429750104242,910
27355.5196,N2,2,0.8003571963656296,911
27385.5196,N2,2,0.8584097786099528,912
27415.5196,N2,2,0.8647925085167385,913
27445.5196,N2,2,0.9188238848111474,914
27475.5196,N2,2,0.9338889638321937,915
27505.5196,N2,2,0.9538822474989538,916
27535.5196,N2,2,0.914170528861963,917
27565.5196,N2,2,0.9124446888974889,918
27595.5196,N2,2,0.9441978385265892,919
27625.5196,N2,2,0.9538257096778905,920
27655.5196,N2,2,0.9369660356418892,921
27685.5196,N2,2,0.9010461250710209,922
27715.5196,N2,2,0.610944349645354,923
27745.5196,N2,2,0.814546515040099,924
27775.5196,N2,2,0.8717328143439719,925
27805.5196,N2,2,0.7525435743294905,926
27835.5196,N2,2,0.809203922835296,927
27865.5196,N2,2,0.8967582456031398,928
27895.5196,N2,2,0.9312918347314547,929
27925.5196,N2,2,0.9185877121315478,930
27955.5196,N2,2,0.9199216999546521,931
27985.5196,N2,2,0.9204219881107649,932
28015.5196,N2,2,0.9051874228057496,933
28045.5196,N2,2,0.9186905438048173,934
28075.5196,N2,2,0.9102661454140281,935
28105.5196,N2,2,0.9144440749826876,936
28135.5196,N2,2,0.8962897870573184,937
28165.5196,N2,2,0.9043470871263574,938
28195.5196,N2,2,0.9113729799786205,939
28225.5196,N2,2,0.9148113743199813,940
28255.5196,N2,2,0.9319883274577311,941
28285.5196,N2,2,0.8967739089167603,942
28315.5196,N2,2,0.9210405945943789,943
28345.5196,N2,2,0.5461447870072317,944
28375.5196,N2,2,0.9280062783808579,945
28405.5196,N2,2,0.656401161114814,946
28435.5196,N2,2,0.8885338970077589,947
28465.5196,N2,2,0.8888503048712545,948
28495.5196,N2,2,0.8686693091001298,949
28525.5196,N2,2,0.8861027856446514,950
28555.5196,N2,2,0.8277197857373293,951
28585.5196,N2,2,0.8027715484083784,952
28615.5196,N2,2,0.9367416112750218,953
28645.5196,N2,2,0.8861965065622893,954
28675.5196,N2,2,0.9324739574278865,955
28705.5196,N2,2,0.9585788103624776,956
28735.5196,N2,2,0.9244871970235176,957
28765.5196,N2,2,0.9222452742913378,958
28795.5196,N2,2,0.8930147246759248,959
28825.5196,N2,2,0.7273588617678444,960
28855.5196,W,0,0.4828279592454593,961
28885.5196,N1,1,0.7029964307219586,962
28915.5196,N1,1,0.5209479257495273,963
28945.5196,N2,2,0.6423453670662804,964
28975.5196,N2,2,0.6947230343632514,965
29005.5196,N2,2,0.8822709094663869,966
29035.5196,N2,2,0.9325864949895413,967
29065.5196,N2,2,0.7992864805722486,968
29095.5196,N2,2,0.9495155110422272,969
29125.5196,N2,2,0.9571757952184162,970
29155.5196,N2,2,0.7486341404251298,971
29185.5196,N2,2,0.9163297954739558,972
29215.5196,N2,2,0.9413487344856715,973
29245.5196,N2,2,0.9262893090415477,974
29275.5196,N2,2,0.9520581139013001,975
29305.5196,R,4,0.35593087562012304,976
29335.5196,N2,2,0.8151698820334093,977
29365.5196,N2,2,0.9514280703051203,978
29395.5196,N2,2,0.6504689073337754,979
29425.5196,N2,2,0.5517360053276305,980
29455.5196,N2,2,0.8792472341516889,981
29485.5196,N2,2,0.6487007360209462,982
29515.5196,R,4,0.7342910350687097,983
29545.5196,R,4,0.6629066237188637,984
29575.5196,R,4,0.7292317148099321,985
29605.5196,R,4,0.7322554001838397,986
29635.5196,W,0,0.44637475204801474,987
29665.5196,W,0,0.3761513845996191,988
29695.5196,R,4,0.357097388209916,989
29725.5196,W,0,0.562115270298031,990
29755.5196,W,0,0.9920642611877186,991
