TimeStamp, ax, ay, az, gx, gy, gz, mx, my, mz 
hh:mm:ss, mg/LSB, mg/LSB, mg/LSB, mdps/LSB, mdps/LSB, mdps/LSB, mgauss/LSB, mgauss/LSB, mgauss/LSB
19846880,-744,180,16913,45,-114,-89,-258,36,-205
19847380,-790,216,16921,33,-114,-102,-248,31,-191
19847880,-782,194,16915,54,-111,-99,-251,32,-197
19848380,-770,238,16910,53,-120,-92,-243,33,-195
19848880,-766,219,16915,48,-116,-87,-250,34,-188
19849380,-761,226,16901,35,-120,-96,-251,35,-199
19849880,-762,233,16855,53,-117,-109,-250,31,-214
19850380,-738,201,16912,49,-115,-108,-249,33,-189
19850880,-774,226,16924,47,-110,-108,-247,39,-190
19851380,-779,245,16850,49,-116,-90,-253,38,-214
19851880,-833,217,16910,39,-104,-106,-259,21,-213
19852380,-754,224,16960,40,-119,-86,-265,39,-202
19852880,-784,229,16920,36,-105,-97,-250,46,-205
19853380,-741,204,16867,38,-110,-102,-248,26,-208
19853880,-777,233,16915,36,-105,-96,-255,31,-203
19854380,-784,244,16893,41,-112,-111,-265,35,-209
19854880,-800,180,16916,32,-118,-102,-245,34,-192
19855380,-777,213,16909,34,-108,-100,-261,26,-199
19855880,-749,190,16908,39,-112,-92,-253,33,-184
19856380,-790,232,16861,45,-111,-88,-247,31,-200
19856880,-776,244,16872,42,-128,-97,-244,33,-192
19857380,-780,219,16909,48,-108,-96,-246,36,-198
19857880,-795,204,16875,39,-125,-102,-255,32,-199
19858380,-765,225,16928,38,-100,-98,-246,29,-197
19858880,-777,199,16873,41,-132,-106,-249,40,-193
19859380,-796,208,16920,44,-110,-96,-248,36,-185
19859880,-769,227,16910,37,-97,-93,-255,34,-216
19860380,-754,216,16863,47,-120,-95,-246,41,-189
19860880,-811,195,16868,43,-116,-96,-246,31,-199
19861380,-793,195,16911,39,-103,-94,-252,37,-194
19861880,-732,202,16920,35,-113,-104,-250,33,-201
19862380,-776,224,16933,40,-107,-88,-256,35,-201
19862880,-797,241,16907,45,-105,-88,-257,30,-200
19863380,-751,210,16931,54,-119,-117,-260,37,-196
19863880,-758,205,16951,45,-125,-86,-257,28,-202
19864380,-769,173,16898,54,-123,-100,-262,30,-209
19864880,-728,188,16931,54,-129,-103,-246,27,-195
19865380,-785,221,16849,42,-120,-101,-246,36,-197
19865880,-780,207,16888,36,-100,-104,-245,38,-190
19866380,-766,177,16919,47,-114,-99,-260,23,-199
19866880,-751,225,16870,40,-108,-102,-245,32,-207
19867380,-764,223,16887,39,-108,-109,-240,43,-185
19867880,-718,196,16878,33,-107,-103,-245,38,-194
19868380,-750,183,16899,52,-122,-90,-250,42,-201
19868880,-766,194,16883,44,-106,-97,-255,27,-213
19869380,-748,242,16921,35,-100,-94,-257,31,-202
19869880,-742,214,16909,50,-119,-103,-258,41,-191
19870380,-795,196,16906,39,-105,-95,-244,32,-198
19870880,-770,190,16889,40,-111,-102,-252,35,-202
19871380,-773,185,16877,43,-117,-106,-254,37,-191
19871880,-771,211,16853,45,-110,-92,-251,32,-197
19872380,-767,210,16921,37,-106,-100,-245,35,-190
19872880,-778,213,16850,40,-121,-100,-253,29,-205
19873380,-753,234,16861,44,-110,-102,-251,34,-187
19873880,-764,194,16854,37,-107,-91,-253,38,-225
19874380,-809,224,16906,39,-109,-101,-260,33,-211
19874880,-747,189,16937,49,-126,-107,-248,32,-186
19875380,-748,175,16901,37,-117,-97,-265,37,-216
19875880,-762,194,16911,36,-112,-109,-252,35,-201
19876380,-782,200,16882,39,-120,-103,-261,37,-205
19876880,-748,200,16893,51,-121,-96,-257,33,-193
19877380,-778,258,16888,46,-113,-92,-253,40,-194
19877880,-767,208,16851,53,-123,-100,-248,38,-198
19878380,-809,213,16869,52,-114,-100,-254,34,-195
19878880,-768,215,16847,46,-129,-108,-246,29,-197
19879380,-779,170,16886,37,-103,-85,-244,33,-194
19879880,-748,230,16882,38,-112,-92,-261,38,-206
19880380,-755,198,16898,38,-123,-98,-255,32,-198
19880880,-772,217,16867,56,-108,-98,-249,34,-207
19881380,-763,228,16887,45,-111,-107,-260,36,-215
19881880,-760,218,16882,43,-116,-111,-252,30,-204
19882380,-776,235,16914,45,-107,-104,-246,35,-193
19882880,-737,182,16924,45,-118,-100,-256,29,-210
19883380,-792,219,16872,50,-108,-103,-264,36,-211
19883880,-797,246,16866,48,-115,-92,-252,32,-201
19884380,-763,190,16932,47,-113,-91,-249,38,-212
19884880,-730,199,16873,56,-131,-95,-261,29,-210
19885380,-787,213,16841,45,-108,-92,-254,35,-197
19885880,-737,213,16859,50,-118,-101,-254,35,-193
19886380,-735,160,16835,52,-116,-92,-249,34,-211
19886880,-755,213,16816,44,-121,-101,-248,36,-194
19887380,-777,233,16880,44,-122,-110,-252,37,-191
19887880,-768,211,16862,45,-110,-83,-245,35,-185
19888380,-778,213,16841,52,-120,-98,-243,36,-181
19888880,-759,205,16871,37,-111,-86,-246,34,-191
19889380,-783,237,16881,51,-119,-103,-253,43,-194
19889880,-829,221,16848,44,-117,-101,-250,39,-189
19890380,-764,213,16865,38,-106,-95,-260,35,-207
19890880,-788,203,16883,49,-116,-100,-249,41,-188
19891380,-756,221,16877,44,-114,-85,-247,43,-192
19891880,-784,224,16885,45,-113,-100,-251,33,-185
19892380,-796,213,16861,51,-128,-96,-248,30,-190
19892880,-773,223,16863,48,-106,-96,-259,40,-196
19893380,-813,226,16892,49,-115,-101,-248,42,-212
19893880,-752,220,16884,46,-113,-102,-248,41,-190
19894380,-736,247,16898,38,-98,-98,-241,41,-197
19894880,-764,221,16916,57,-111,-111,-257,40,-203
19895380,-787,217,16883,51,-114,-100,-252,34,-202
19895880,-800,204,16878,44,-118,-100,-245,28,-189
19896380,-763,205,16859,51,-113,-105,-264,31,-203
19896880,-724,204,16845,37,-123,-102,-247,32,-203
19897380,-784,205,16848,53,-113,-97,-257,29,-208
19897880,-759,184,16844,43,-117,-96,-252,37,-197
19898380,-767,236,16885,48,-107,-89,-256,33,-197
19898880,-744,187,16872,28,-105,-105,-251,33,-185
19899380,-770,197,16850,45,-108,-107,-255,42,-195
19899880,-786,199,16863,46,-127,-109,-263,35,-205
19900380,-772,215,16841,56,-130,-103,-252,34,-213
19900880,-773,229,16876,38,-119,-93,-256,36,-202
19901380,-783,258,16888,48,-104,-105,-251,34,-204
19901880,-789,192,16863,45,-110,-112,-243,37,-197
19902380,-801,205,16899,42,-107,-95,-244,32,-210
19902880,-772,162,16849,50,-116,-100,-249,33,-189
19903380,-764,199,16846,31,-102,-95,-249,31,-197
19903880,-773,181,16875,47,-121,-102,-249,41,-217
19904380,-766,217,16852,54,-133,-106,-249,33,-207
19904880,-780,211,16875,36,-111,-100,-254,27,-196
19905380,-762,201,16898,46,-110,-81,-260,32,-216
19905880,-796,162,16861,47,-117,-98,-248,40,-206
19906380,-739,201,16904,38,-112,-94,-246,34,-194
19906880,-772,231,16817,44,-107,-102,-254,36,-193
19907380,-779,200,16823,50,-114,-113,-246,37,-197
19907880,-796,196,16842,53,-124,-109,-253,33,-206
19908380,-763,187,16851,46,-118,-107,-250,34,-197
19908880,-772,204,16850,35,-109,-104,-255,43,-197
19909380,-815,211,16869,48,-105,-100,-246,42,-214
19909880,-772,205,16875,48,-120,-103,-256,35,-207
19910380,-767,213,16850,32,-108,-90,-258,27,-199
19910880,-774,198,16866,42,-111,-101,-252,31,-219
19911380,-778,217,16856,40,-118,-90,-249,35,-198
19911880,-792,186,16910,45,-109,-87,-244,37,-188
19912380,-749,254,16851,52,-109,-100,-248,30,-198
19912880,-780,210,16885,33,-108,-102,-241,34,-187
19913380,-756,197,16843,38,-118,-98,-244,36,-193
19913880,-770,221,16857,37,-120,-88,-251,36,-209
19914380,-763,150,16839,34,-120,-87,-247,34,-198
19914880,-774,193,16848,54,-115,-93,-248,34,-211
19915380,-763,218,16858,39,-113,-96,-254,33,-196
19915880,-747,210,16870,45,-108,-100,-250,35,-198
19916380,-767,209,16901,41,-106,-99,-253,39,-188
19916880,-780,171,16854,50,-108,-94,-247,32,-193
19917380,-764,206,16871,37,-104,-95,-235,37,-190
19917880,-745,162,16831,50,-116,-105,-269,36,-208
19918380,-776,221,16853,51,-121,-101,-258,35,-209
19918880,-810,204,16872,41,-113,-91,-257,36,-208
19919380,-769,219,16869,47,-108,-109,-243,37,-196
19919880,-775,193,16872,43,-107,-103,-252,35,-217
19920380,-698,237,16877,43,-106,-97,-250,33,-205
19920880,-746,219,16830,41,-117,-106,-252,44,-200
19921380,-791,235,16855,49,-108,-114,-261,36,-208
19921880,-800,203,16887,39,-115,-102,-251,36,-188
19922380,-795,211,16847,43,-110,-103,-256,44,-207
19922880,-749,193,16850,44,-121,-112,-252,37,-193
19923380,-769,169,16835,62,-124,-98,-241,37,-199
19923880,-772,190,16858,46,-119,-110,-249,38,-191
19924380,-737,229,16863,38,-104,-107,-247,36,-194
19924880,-785,217,16832,43,-109,-93,-255,39,-199
19925380,-776,211,16792,46,-118,-95,-245,29,-210
19925880,-783,216,16845,47,-113,-105,-260,39,-198
19926380,-776,197,16850,45,-114,-102,-254,37,-200
19926880,-754,194,16836,43,-116,-98,-245,36,-207
19927380,-782,191,16884,47,-114,-104,-252,28,-184
19927880,-748,209,16841,48,-110,-117,-252,32,-190
19928380,-759,190,16830,40,-127,-110,-252,33,-198
19928880,-776,186,16866,44,-124,-103,-244,33,-198
19929380,-757,213,16820,45,-110,-99,-249,39,-196
19929880,-806,192,16812,45,-106,-100,-248,36,-196
19930380,-756,208,16836,33,-94,-97,-253,34,-188
19930880,-771,200,16844,50,-107,-87,-248,35,-201
19931380,-757,186,16819,42,-115,-100,-242,42,-194
19931880,-761,174,16841,35,-117,-114,-254,35,-205
19932380,-737,227,16866,49,-117,-98,-259,38,-210
19932880,-841,200,16843,31,-119,-108,-246,28,-205
19933380,-819,220,16881,49,-110,-105,-246,39,-186
19933880,-775,215,16891,46,-112,-97,-246,38,-193
19934380,-752,228,16842,50,-122,-89,-247,35,-191
19934880,-781,214,16878,45,-130,-99,-251,30,-190
19935380,-753,232,16827,45,-110,-96,-258,30,-186
19935880,-781,211,16858,51,-118,-106,-246,35,-194
19936380,-755,212,16841,49,-104,-102,-245,38,-199
19936880,-726,244,16845,46,-121,-89,-251,38,-201
19937380,-745,183,16838,35,-103,-93,-256,35,-191
19937880,-814,197,16860,50,-124,-93,-246,40,-187
19938380,-791,207,16877,43,-110,-100,-246,42,-188
19938880,-753,206,16863,41,-114,-98,-249,36,-192
19939380,-796,230,16851,38,-112,-99,-262,34,-206
19939880,-763,215,16802,36,-114,-87,-253,35,-196
19940380,-790,233,16866,43,-116,-100,-248,36,-205
19940880,-784,208,16851,40,-123,-99,-257,35,-196
19941380,-779,207,16920,39,-101,-102,-249,35,-209
19941880,-772,198,16882,43,-106,-100,-249,39,-203
19942380,-741,202,16884,39,-117,-92,-252,31,-203
19942880,-742,230,16905,41,-111,-113,-248,34,-193
19943380,-775,191,16831,59,-137,-103,-244,38,-190
19943880,-768,197,16848,47,-122,-106,-249,38,-191
19944380,-786,224,16862,50,-108,-110,-268,31,-208
19944880,-806,230,16881,41,-106,-97,-258,33,-212
19945380,-796,239,16873,42,-110,-100,-257,32,-198
19945880,-787,190,16849,42,-109,-94,-247,39,-207
19946380,-792,200,16896,44,-114,-84,-249,31,-187
19946880,-778,200,16858,46,-121,-98,-255,37,-218
19947380,-792,230,16900,46,-124,-92,-249,40,-201
19947880,-748,189,16876,47,-115,-111,-249,31,-187
19948380,-767,185,16904,42,-117,-112,-254,36,-195
19948880,-777,196,16869,47,-114,-94,-242,41,-198
19949380,-764,201,16867,38,-112,-100,-242,33,-192
19949880,-731,201,16931,46,-114,-109,-261,33,-199
19950380,-759,169,16879,33,-113,-88,-263,37,-214
19950880,-782,222,16893,41,-110,-105,-253,28,-202
19951380,-731,206,16874,38,-101,-89,-243,27,-190
19951880,-749,206,16890,43,-108,-97,-249,33,-200
19952380,-711,179,16898,44,-136,-101,-256,38,-202
19952880,-807,222,16873,49,-108,-93,-254,34,-194
19953380,-735,237,16816,38,-100,-97,-250,36,-196
19953880,-721,206,16857,42,-115,-98,-261,34,-206
19954380,-772,168,16866,41,-120,-95,-264,34,-196
19954880,-803,227,16864,45,-113,-103,-244,29,-188
19955380,-828,210,16838,43,-100,-102,-250,38,-190
19955880,-767,222,16877,41,-122,-102,-252,42,-190
19956380,-753,191,16888,34,-102,-98,-255,28,-209
19956880,-775,193,16906,48,-125,-100,-252,34,-201
19957380,-751,203,16894,37,-122,-103,-250,39,-194
19957880,-772,215,16849,52,-136,-112,-249,37,-193
19958380,-791,224,16846,46,-111,-105,-263,31,-205
19958880,-752,242,16896,65,-132,-104,-263,30,-202
19959380,-771,225,16900,44,-114,-101,-240,31,-198
19959880,-740,186,16883,45,-114,-100,-246,35,-202
19960380,-761,182,16866,50,-113,-92,-249,35,-186
19960880,-797,187,16859,42,-115,-101,-250,32,-205
19961380,-758,218,16873,54,-110,-94,-261,37,-198
19961880,-765,191,16873,45,-111,-96,-246,26,-204
19962380,-743,219,16888,44,-117,-87,-244,30,-186
19962880,-758,204,16895,38,-111,-100,-255,33,-198
19963380,-802,189,16850,51,-110,-98,-253,36,-194
19963880,-777,214,16862,49,-109,-104,-249,36,-192
19964380,-776,204,16910,41,-125,-95,-253,32,-190
19964880,-787,216,16895,49,-118,-87,-256,33,-204
19965380,-752,232,16904,40,-114,-112,-251,29,-193
19965880,-751,212,16899,40,-120,-110,-239,36,-192
19966380,-763,241,16848,51,-121,-105,-261,44,-202
19966880,-788,212,16857,44,-113,-107,-253,35,-210
19967380,-768,244,16900,54,-115,-87,-253,38,-197
19967880,-706,247,16912,48,-117,-96,-244,33,-192
19968380,-752,199,16880,51,-109,-100,-257,29,-204
19968880,-773,194,16894,35,-109,-97,-246,35,-209
19969380,-743,233,16859,40,-102,-102,-258,36,-201
19969880,-752,221,16902,54,-118,-114,-246,37,-189
19970380,-803,228,16883,36,-112,-107,-257,37,-194
19970880,-794,227,16880,51,-115,-85,-247,43,-197
19971380,-733,204,16896,41,-99,-97,-255,34,-196
19971880,-754,208,16910,33,-113,-102,-248,36,-194
19972380,-751,242,16882,50,-121,-104,-237,41,-213
19972880,-743,212,16863,47,-133,-105,-254,28,-196
19973380,-750,212,16902,34,-117,-98,-259,34,-207
19973880,-785,184,16878,46,-122,-104,-261,37,-210
19974380,-775,243,16887,39,-101,-98,-240,30,-208
19974880,-794,220,16884,37,-102,-95,-257,38,-192
19975380,-768,208,16888,39,-97,-111,-265,36,-200
19975880,-749,191,16888,47,-120,-100,-258,36,-202
19976380,-746,227,16881,38,-104,-95,-251,28,-207
19976880,-741,208,16901,48,-117,-97,-251,39,-203
19977380,-763,244,16905,42,-118,-106,-261,39,-206
19977880,-780,207,16845,31,-99,-93,-255,41,-211
19978380,-800,220,16907,45,-117,-100,-258,28,-202
19978880,-804,218,16921,42,-113,-93,-259,30,-194
19979380,-794,223,16895,52,-127,-92,-244,36,-202
19979880,-755,226,16865,48,-125,-110,-250,30,-199
19980380,-760,214,16901,48,-111,-89,-254,39,-203
19980880,-773,201,16880,56,-122,-116,-255,32,-189
19981380,-757,223,16900,38,-100,-104,-254,37,-194
19981880,-757,206,16902,45,-121,-108,-251,28,-194
19982380,-738,242,16913,37,-115,-100,-249,34,-199
19982880,-730,211,16860,35,-114,-104,-247,44,-186
19983380,-772,205,16852,35,-126,-96,-257,37,-214
19983880,-761,183,16868,43,-114,-94,-266,38,-207
19984380,-760,190,16879,41,-114,-90,-245,34,-192
19984880,-752,223,16850,41,-100,-103,-252,33,-195
19985380,-763,189,16890,45,-120,-95,-255,31,-213
19985880,-765,199,16865,41,-116,-103,-259,40,-195
19986380,-765,208,16867,34,-114,-83,-254,36,-197
19986880,-733,202,16916,50,-116,-107,-253,34,-194
19987380,-756,187,16895,42,-110,-103,-254,34,-192
19987880,-785,195,16864,42,-114,-101,-255,33,-197
19988380,-767,179,16838,31,-112,-90,-257,30,-207
19988880,-806,247,16807,47,-107,-107,-251,43,-191
19989380,-790,231,16854,43,-104,-108,-242,33,-198
19989880,-771,204,16898,45,-113,-114,-245,32,-192
19990380,-750,209,16881,35,-116,-100,-256,29,-217
19990880,-792,174,16832,47,-107,-109,-252,33,-197
19991380,-744,227,16841,44,-115,-92,-251,44,-186
19991880,-712,177,16885,48,-122,-102,-249,37,-193
19992380,-803,242,16876,49,-114,-101,-253,35,-203
19992880,-782,220,16868,41,-118,-94,-248,36,-191
19993380,-776,227,16886,44,-112,-102,-246,29,-193
19993880,-760,192,16832,53,-111,-102,-257,33,-199
19994380,-763,206,16892,48,-110,-102,-251,40,-199
19994880,-817,206,16868,40,-109,-94,-246,40,-206
19995381,-770,224,16831,45,-112,-95,-260,33,-201
19995880,-795,200,16818,52,-132,-107,-258,28,-207
19996382,-778,217,16879,44,-113,-99,-256,38,-194
19996880,-795,205,16899,46,-105,-99,-246,35,-189
19997382,-789,211,16867,33,-101,-91,-252,31,-194
19997880,-736,218,16847,47,-120,-108,-251,29,-194
19998382,-728,239,16885,41,-108,-95,-260,32,-193
19998880,-753,201,16863,43,-100,-90,-254,35,-219
19999382,-713,216,16867,36,-111,-101,-250,37,-202
19999880,-744,201,16844,37,-128,-93,-246,38,-195
20000382,-787,226,16864,42,-104,-92,-251,41,-200
20000880,-756,196,16864,39,-103,-100,-247,31,-191
20001382,-798,200,16899,44,-120,-106,-245,30,-193
20001880,-753,203,16836,40,-111,-104,-248,37,-191
20002382,-812,256,16853,55,-123,-103,-256,34,-204
20002880,-749,229,16852,44,-98,-98,-249,38,-198
20003381,-786,167,16873,55,-122,-90,-245,35,-199
20003880,-758,227,16874,44,-117,-103,-250,32,-192
20004381,-787,231,16851,36,-110,-108,-257,39,-195
20004880,-808,188,16860,50,-113,-103,-247,31,-192
20005381,-744,185,16860,39,-98,-99,-241,33,-193
20005880,-788,189,16832,54,-124,-110,-264,33,-199
20006381,-756,246,16879,55,-109,-95,-255,32,-213
20006880,-770,202,16862,42,-118,-100,-257,31,-191
20007381,-795,218,16875,40,-106,-80,-257,35,-200
20007880,-786,178,16877,40,-115,-97,-259,25,-220
20008381,-760,163,16885,48,-115,-100,-244,37,-205
20008880,-736,192,16859,31,-109,-96,-238,36,-181
20009381,-748,245,16849,49,-111,-95,-246,34,-197
20009880,-787,184,16873,43,-113,-97,-253,31,-213
20010381,-791,184,16860,52,-125,-96,-251,36,-205
20010880,-771,222,16857,42,-109,-94,-243,38,-196
20011381,-747,183,16896,40,-109,-101,-249,28,-194
20011880,-770,209,16865,39,-119,-98,-240,44,-182
20012381,-786,193,16846,49,-112,-100,-244,34,-193
20012880,-776,222,16871,53,-114,-99,-250,26,-203
20013381,-789,221,16856,31,-115,-103,-259,28,-191
20013880,-774,212,16858,38,-104,-95,-263,36,-216
20014381,-767,193,16860,50,-128,-107,-247,36,-209
20014880,-798,163,16851,48,-119,-103,-248,37,-200
20015381,-755,210,16868,45,-118,-101,-252,43,-194
20015880,-734,199,16852,46,-115,-94,-260,36,-201
20016381,-780,213,16841,40,-116,-97,-248,38,-193
20016880,-757,203,16826,47,-119,-97,-240,31,-194
20017381,-772,203,16851,47,-110,-106,-250,32,-188
20017880,-799,180,16857,45,-113,-97,-249,37,-203
20018381,-763,219,16865,42,-116,-94,-249,31,-201
20018880,-786,233,16856,40,-94,-99,-262,25,-206
20019381,-748,233,16839,51,-125,-103,-247,35,-197
20019880,-726,198,16900,52,-124,-98,-255,33,-200
20020380,-775,204,16869,45,-117,-106,-257,36,-205
20020880,-776,237,16856,38,-110,-104,-252,33,-210
20021380,-783,208,16844,46,-112,-109,-257,30,-209
20021880,-785,217,16847,38,-101,-100,-262,29,-212
20022380,-790,207,16872,43,-113,-111,-258,39,-203
20022880,-788,201,16845,47,-119,-99,-262,37,-205
20023380,-808,198,16841,44,-111,-96,-257,35,-204
20023880,-799,192,16891,47,-122,-103,-257,31,-208
20024380,-743,228,16852,48,-114,-106,-252,38,-193
20024880,-756,231,16871,53,-126,-96,-249,31,-215
20025380,-747,189,16829,35,-111,-105,-248,35,-205
20025880,-757,245,16865,40,-110,-101,-255,38,-197
20026380,-758,206,16856,45,-117,-106,-259,37,-214
20026880,-760,203,16853,41,-117,-98,-258,31,-209
20027380,-795,215,16812,43,-103,-99,-256,38,-192
20027880,-780,228,16906,34,-111,-91,-248,39,-202
20028380,-753,182,16805,45,-124,-99,-252,44,-200
20028880,-792,219,16814,41,-110,-90,-249,31,-215
20029380,-781,196,16845,53,-112,-108,-250,39,-189
20029880,-784,209,16848,53,-115,-95,-253,30,-189
20030380,-759,210,16889,44,-106,-105,-257,34,-206
20030880,-764,183,16842,33,-112,-93,-244,35,-204
20031380,-768,181,16872,34,-112,-99,-253,32,-200
20031880,-748,206,16839,46,-120,-97,-253,35,-202
20032380,-806,189,16827,47,-113,-103,-260,45,-213
20032880,-788,205,16830,54,-118,-106,-256,32,-220
20033380,-761,216,16873,41,-102,-94,-248,38,-198
20033880,-771,211,16888,38,-98,-91,-247,36,-187
20034380,-783,229,16838,46,-118,-89,-258,40,-209
20034880,-764,227,16825,39,-109,-100,-246,33,-208
20035380,-777,190,16861,45,-115,-112,-246,34,-198
20035880,-726,204,16841,42,-115,-99,-241,30,-186
20036380,-745,223,16922,39,-125,-96,-255,33,-192
20036880,-764,166,16871,34,-118,-105,-249,35,-194
20037380,-739,210,16880,35,-122,-98,-243,37,-195
20037880,-770,212,16861,45,-113,-94,-249,39,-199
20038380,-776,172,16879,51,-117,-84,-258,35,-187
20038880,-788,180,16862,48,-114,-103,-250,33,-208
20039380,-761,230,16875,34,-104,-99,-247,37,-195
20039880,-747,192,16885,49,-118,-93,-250,25,-186
20040380,-749,196,16853,41,-112,-107,-256,30,-206
20040880,-773,202,16896,50,-116,-98,-250,35,-181
20041380,-784,213,16843,52,-116,-92,-244,32,-184
20041880,-734,229,16861,42,-106,-106,-245,36,-185
20042380,-784,195,16836,39,-107,-90,-253,29,-191
20042880,-760,187,16830,45,-114,-94,-247,37,-204
20043380,-789,196,16857,40,-121,-106,-250,26,-200
20043880,-787,211,16886,46,-118,-110,-250,30,-187
20044380,-777,181,16811,41,-119,-101,-258,31,-188
20044880,-769,194,16917,35,-105,-86,-247,41,-193
20045380,-757,233,16863,41,-115,-98,-248,36,-193
20045880,-784,189,16834,49,-118,-102,-265,29,-205
20046380,-805,249,16847,47,-112,-94,-254,30,-206
20046880,-773,201,16899,55,-121,-103,-252,37,-210
20047380,-765,187,16844,37,-113,-96,-254,28,-204
20047880,-759,222,16897,34,-112,-94,-246,40,-195
20048380,-723,200,16887,38,-115,-105,-255,29,-195
20048880,-773,206,16876,38,-115,-94,-241,31,-186
20049380,-801,210,16896,42,-113,-103,-252,34,-202
20049880,-740,209,16922,54,-122,-99,-260,34,-206
20050380,-737,230,16847,44,-109,-101,-248,32,-192
20050880,-763,215,16834,54,-118,-100,-258,31,-190
20051380,-756,204,16861,44,-102,-103,-251,40,-200
20051880,-764,200,16875,36,-118,-97,-267,28,-206
20052380,-789,204,16844,41,-113,-102,-249,31,-197
20052880,-772,232,16858,38,-120,-98,-262,39,-212
20053380,-713,234,16885,47,-104,-101,-251,36,-213
20053880,-735,179,16915,32,-105,-104,-261,39,-199
20054380,-775,216,16843,43,-108,-84,-255,35,-200
20054880,-801,199,16823,41,-117,-111,-243,36,-200
20055380,-753,218,16871,49,-119,-100,-246,32,-202
20055880,-734,221,16864,46,-116,-103,-260,31,-206
20056380,-784,186,16850,42,-123,-101,-253,39,-200
20056880,-755,216,16852,38,-109,-91,-248,36,-186
20057380,-793,195,16862,45,-132,-109,-250,41,-197
20057880,-769,211,16862,53,-130,-114,-268,32,-198
20058380,-794,169,16873,44,-111,-86,-252,33,-187
20058880,-774,218,16819,44,-112,-92,-256,38,-190
20059380,-721,230,16858,42,-113,-99,-252,36,-201
20059880,-754,223,16870,44,-120,-103,-251,29,-201
20060380,-751,216,16841,35,-94,-96,-254,29,-201
20060880,-826,242,16837,50,-125,-99,-246,39,-191
20061380,-771,209,16865,39,-106,-103,-256,40,-202
20061880,-758,211,16875,51,-112,-100,-249,36,-202
20062380,-745,163,16841,34,-109,-95,-246,38,-194
20062880,-760,200,16791,47,-117,-109,-248,39,-193
20063380,-827,202,16842,34,-105,-95,-241,33,-210
20063880,-765,224,16868,41,-108,-101,-252,36,-201
20064380,-760,207,16847,36,-124,-98,-244,40,-183
20064880,-756,177,16837,44,-110,-88,-247,34,-194
20065380,-753,202,16805,49,-121,-95,-246,37,-210
20065880,-761,223,16834,48,-127,-100,-255,36,-193
20066380,-755,214,16826,44,-120,-104,-266,33,-194
20066880,-758,218,16890,39,-109,-107,-252,31,-204
20067380,-755,216,16832,29,-125,-81,-248,42,-193
20067880,-749,238,16807,40,-122,-106,-244,29,-201
20068380,-727,232,16815,50,-107,-92,-251,32,-187
20068880,-756,213,16816,41,-112,-104,-251,40,-199
20069380,-821,171,16826,48,-109,-91,-249,35,-194
20069880,-771,207,16868,50,-119,-96,-252,33,-209
20070380,-787,199,16833,31,-102,-93,-264,32,-206
20070880,-748,222,16875,40,-112,-100,-247,31,-192
20071380,-764,211,16824,45,-110,-102,-252,33,-202
20071880,-805,178,16874,47,-120,-98,-247,43,-191
20072380,-789,224,16805,45,-120,-95,-257,29,-197
20072880,-827,193,16798,48,-120,-102,-255,37,-204
20073380,-746,195,16855,38,-113,-102,-242,29,-188
20073880,-778,247,16823,42,-110,-106,-252,39,-205
20074380,-759,205,16841,45,-109,-101,-258,31,-200
20074880,-789,204,16871,34,-110,-100,-265,37,-198
20075380,-791,179,16861,44,-107,-99,-246,35,-202
20075880,-721,226,16882,48,-108,-102,-246,40,-187
20076380,-733,224,16857,48,-124,-101,-245,36,-197
20076880,-775,209,16826,44,-126,-98,-252,34,-186
20077380,-785,199,16889,50,-111,-97,-258,32,-218
20077880,-737,192,16909,44,-112,-94,-243,37,-190
20078380,-735,227,16866,41,-114,-94,-259,37,-203
20078880,-747,181,16821,52,-122,-97,-257,30,-206
20079380,-728,200,16882,43,-109,-97,-255,38,-214
20079880,-752,208,16830,44,-125,-106,-249,36,-202
20080380,-799,196,16837,41,-119,-99,-243,35,-193
20080880,-780,177,16813,38,-117,-112,-260,31,-210
20081380,-782,198,16825,36,-112,-99,-264,30,-210
20081880,-779,217,16864,37,-99,-96,-256,34,-209
20082380,-761,177,16851,34,-108,-90,-258,34,-200
20082880,-754,234,16839,37,-103,-97,-249,32,-195
20083380,-790,214,16831,48,-120,-105,-252,33,-182
20083880,-764,187,16899,43,-113,-92,-248,40,-197
20084380,-795,213,16900,32,-105,-98,-264,41,-206
20084880,-782,211,16864,51,-116,-97,-256,29,-199
20085380,-735,228,16871,46,-107,-87,-260,41,-201
20085880,-771,227,16870,53,-124,-105,-249,37,-205
20086380,-764,177,16888,50,-98,-99,-257,35,-204
20086880,-771,213,16903,41,-125,-103,-252,35,-190
20087380,-739,188,16848,47,-107,-96,-260,33,-187
20087880,-794,183,16848,34,-104,-87,-250,46,-201
20088380,-759,198,16846,34,-98,-104,-252,35,-194
20088880,-791,232,16871,39,-112,-101,-254,40,-191
20089380,-792,212,16829,43,-110,-99,-253,32,-196
20089880,-752,194,16888,54,-123,-103,-262,32,-196
20090380,-779,182,16851,40,-114,-100,-252,41,-191
20090880,-776,180,16918,46,-111,-88,-250,33,-192
20091380,-746,174,16849,41,-110,-95,-248,38,-196
20091880,-760,173,16828,43,-120,-92,-264,27,-220
20092380,-796,204,16884,53,-118,-98,-248,35,-210
20092880,-743,184,16877,33,-100,-108,-255,38,-199
20093380,-779,211,16859,52,-127,-96,-250,37,-195
20093880,-784,205,16829,41,-111,-86,-264,30,-214
20094380,-811,188,16875,46,-126,-100,-250,37,-209
20094880,-774,219,16863,43,-108,-102,-247,36,-196
20095380,-785,176,16846,38,-129,-93,-258,40,-191
20095880,-749,232,16858,32,-117,-86,-255,34,-182
20096380,-768,214,16845,51,-113,-105,-255,43,-194
20096880,-748,231,16873,51,-130,-102,-247,36,-195
20097380,-787,204,16874,54,-117,-110,-250,37,-187
20097880,-742,241,16814,50,-118,-97,-254,33,-197
20098380,-739,209,16877,44,-119,-93,-246,40,-190
20098880,-747,160,16866,47,-111,-101,-245,32,-197
20099380,-763,184,16849,36,-114,-103,-255,26,-200
20099880,-776,187,16821,50,-116,-102,-243,37,-196
20100380,-772,201,16846,46,-116,-92,-257,40,-196
20100880,-764,234,16854,53,-114,-104,-243,32,-201
20105380,-772,207,16802,43,-113,-107,-250,37,-195
20105880,-769,211,16836,47,-115,-109,-241,31,-184
20106380,-723,192,16846,47,-110,-100,-251,28,-191
20106880,-766,223,16876,44,-115,-103,-245,33,-197
20107380,-752,197,16827,37,-116,-97,-253,31,-208
20107880,-758,199,16866,30,-112,-94,-250,31,-209
20108380,-785,221,16854,45,-115,-94,-257,32,-201
20108880,-770,253,16861,40,-121,-94,-254,32,-194
20109380,-796,201,16849,37,-105,-100,-251,37,-203
20109880,-759,192,16860,37,-112,-95,-246,41,-195
20110380,-760,205,16872,43,-102,-96,-245,34,-196
20110880,-751,162,16856,44,-107,-100,-246,35,-206
20111380,-761,219,16862,43,-112,-100,-247,35,-195
20111880,-738,224,16792,44,-118,-94,-246,36,-194
20112380,-778,225,16861,47,-125,-101,-256,35,-195
20112880,-779,209,16866,33,-106,-100,-249,37,-191
20117380,-785,199,16880,47,-126,-93,-249,37,-185
20117880,-761,211,16885,47,-112,-84,-247,36,-190
20118380,-753,199,16821,45,-112,-102,-245,43,-191
20122880,-750,215,16830,44,-119,-95,-249,37,-195
20123380,-763,238,16869,49,-109,-101,-257,34,-199
20123880,-782,222,16867,47,-124,-107,-242,34,-200
20124380,-792,292,16990,59,-92,-85,-251,34,-195
20128880,-775,211,16890,35,-108,-101,-253,35,-197
20129380,-763,223,16863,48,-117,-95,-255,35,-200
20129880,-787,220,16881,35,-97,-98,-245,39,-195
20130380,-729,204,16865,32,-108,-104,-243,40,-197
20130880,-762,181,16874,43,-107,-99,-244,35,-188
20129880,-787,220,16881,35,-97,-98,-245,39,-195
20140380,-774,210,16886,50,-120,-96,-253,48,-194
20141380,-754,214,16891,35,-118,-107,-250,44,-186
20141880,-757,178,16876,48,-118,-90,-248,35,-188
20143380,-791,209,16898,44,-106,-96,-248,32,-189
20145880,-806,211,16911,53,-128,-102,-251,43,-185
20146380,-762,204,16870,36,-115,-97,-247,45,-194
20147380,-778,173,16851,44,-111,-103,-246,37,-186
20147880,-806,221,16883,48,-115,-98,-250,33,-195
20148380,-789,219,16873,38,-114,-99,-259,36,-200
20149880,-721,170,16888,40,-115,-93,-245,35,-191
20150380,-717,169,16889,36,-109,-91,-248,36,-190
20146880,-739,157,16875,36,-118,-94,-251,37,-198
20148380,-789,219,16873,38,-114,-99,-259,36,-200
20148880,-795,212,16879,38,-110,-100,-247,42,-189
20152380,-734,192,16875,36,-113,-106,-264,30,-203
20153380,-771,186,16893,37,-117,-96,-247,44,-199
20153880,-776,210,16859,43,-111,-92,-245,38,-199
20154380,-831,196,16853,49,-107,-96,-242,29,-189
20154880,-746,193,16892,41,-108,-91,-251,35,-194
20155880,-746,184,16836,60,-120,-96,-245,42,-197
20160380,-795,225,16883,44,-123,-101,-245,33,-182
20157880,-747,236,16847,32,-106,-84,-252,43,-195
20162380,-775,197,16837,37,-111,-101,-245,36,-195
20162880,-792,179,16878,43,-113,-109,-243,42,-186
20163380,-733,196,16845,41,-122,-103,-249,32,-192
20164380,-767,212,16830,51,-125,-103,-239,33,-190
20164880,-801,209,16850,50,-127,-102,-248,31,-188
20165380,-787,230,16799,33,-110,-103,-253,39,-191
20167380,-792,225,16843,46,-109,-103,-255,35,-195
20163880,-747,215,16851,34,-113,-100,-248,33,-186
20164380,-767,212,16830,51,-125,-103,-239,33,-190
20164880,-801,209,16850,50,-127,-102,-248,31,-188
20165380,-787,230,16799,33,-110,-103,-253,39,-191
20166380,-716,212,16876,35,-111,-108,-246,34,-200
20168880,-755,192,16886,31,-114,-95,-250,35,-194
20169380,-758,213,16840,45,-116,-98,-251,38,-206
20167380,-792,225,16843,46,-109,-103,-255,35,-195
20168380,-793,224,16883,44,-113,-92,-248,34,-195
20168880,-755,192,16886,31,-114,-95,-250,35,-194
20169880,-738,205,16887,34,-101,-100,-249,31,-212
20170380,-775,186,16874,49,-122,-98,-252,28,-202
20171880,-807,204,16815,43,-114,-90,-251,40,-185
20172380,-733,208,16881,52,-120,-103,-244,35,-180
20172880,-753,231,16861,41,-120,-100,-237,28,-189
20177380,-779,230,16848,47,-127,-88,-248,38,-183
20181880,-754,197,16833,35,-112,-90,-258,31,-205
20182380,-746,228,16732,43,-122,-97,-253,36,-203
20182880,-866,260,16968,16,-122,-132,-252,44,-202
